cz,Name,College_Graduation_Rate_rP_gP_pall,EmploymentRate,JobDensity
cz34309,Harlowton,0.5712,0.6941,0.4338
cz19600,Newark,0.5677,0.7998,844.3
cz20500,Boston,0.5527,0.8108,605.8
cz36303,Jackson,0.5422,0.7641,4.161
cz20901,Bridgeport,0.5319,0.8079,354.7
cz20402,Nantucket,0.5315,0.7605,135.9
cz26402,Baker,0.5314,0.761,1.233
cz35202,Gunnison,0.529,0.781,2.185
cz19500,Toms River,0.5275,0.8014,497.6
cz34604,Lusk,0.5214,0.8182,0.5072
cz11304,Washington DC,0.5159,0.7903,569.9
cz31003,Scott City,0.515,0.7925,2.206
cz28601,Oberlin,0.5146,0.8262,1.434
cz27012,Gettysburg,0.5119,0.8817,1.339
cz38402,Pullman,0.5112,0.7912,12.16
cz20403,Oak Bluffs,0.508,0.7711,82.77
cz19400,New York,0.5,0.7676,2595
cz28704,Laramie,0.4913,0.818,3.511
cz18600,Albany,0.4881,0.8213,92.24
cz28504,Burlington,0.4864,0.7976,0.9776
cz19700,Philadelphia,0.4842,0.7871,531.9
cz28501,Springfield,0.4832,0.7497,0.7112
cz25402,Murray,0.4771,0.7628,43.7
cz24300,Chicago,0.4738,0.7902,911.2
cz19300,Poughkeepsie,0.4731,0.7968,113.1
cz16300,Pittsburgh,0.4721,0.8087,179.1
cz20600,Manchester,0.4676,0.8066,131.5
cz29008,Center,0.4675,0.8256,1.342
cz1701,Raleigh,0.467,0.7752,177.9
cz37800,San Francisco,0.467,0.7753,621.2
cz27011,Pierre,0.4622,0.8522,3.833
cz26404,Lemmon,0.4622,0.8213,0.801
cz28303,Oshkosh,0.4622,0.7941,0.7053
cz18000,Buffalo,0.4621,0.8202,173.7
cz26201,Bismarck,0.4612,0.8582,9.53
cz26403,Bowman,0.4569,0.7804,1.04
cz28606,Wano,0.4567,0.7976,1.306
cz29006,Hays,0.4564,0.8208,8.45
cz34403,Helena,0.4556,0.8156,6.535
cz20902,Pittsfield,0.4535,0.802,49.38
cz26804,Cooperstown,0.4523,0.7656,1.656
cz19000,Allentown,0.4517,0.82,312.4
cz20401,Providence,0.4488,0.8113,483.2
cz26411,Sidney,0.4428,0.7885,3.331
cz37500,San Jose,0.4422,0.7647,196.2
cz18800,Scranton,0.4406,0.8133,99.39
cz20800,Springfield,0.4405,0.8047,172.5
cz17700,Syracuse,0.4403,0.8131,78.17
cz20200,Burlington,0.4394,0.8093,54.48
cz21501,Minneapolis,0.4384,0.8353,309.4
cz28602,Norton,0.438,0.8487,3.415
cz36503,Lakeview,0.4375,0.7792,0.3776
cz28701,Salida,0.4375,0.7873,7.687
cz27001,O'Neill,0.4357,0.8118,2.104
cz29601,Columbia,0.4334,0.8098,44.58
cz9100,Atlanta,0.4332,0.7521,440.1
cz26408,Glasgow,0.4325,0.8191,0.598
cz22100,Iowa City,0.4324,0.8306,49.28
cz29103,Beloit,0.4323,0.8131,3.635
cz29101,Concordia,0.4319,0.8154,3.495
cz24701,St. Louis,0.4311,0.802,194.1
cz23200,Dubuque,0.4302,0.8545,28.05
cz15200,Cleveland,0.4299,0.7909,387.9
cz26410,Dickinson,0.4261,0.8212,5.267
cz17900,Union,0.426,0.8035,62.86
cz31102,La Grange,0.4258,0.7889,11.32
cz26801,Fargo,0.4245,0.8517,23.36
cz29204,Topeka,0.4233,0.8116,47.45
cz28702,Glenwood Springs,0.423,0.7583,13.84
cz27504,Carroll,0.4216,0.8441,13.04
cz26501,Brookings,0.4213,0.8492,11.05
cz27301,Spencer,0.4212,0.8387,12.09
cz27501,Des Moines,0.4211,0.8224,84.18
cz28900,Denver,0.4209,0.788,168.9
cz26803,Jamestown,0.4206,0.8502,3.682
cz24100,Milwaukee,0.42,0.8214,294.1
cz11302,Baltimore,0.4199,0.7762,599.8
cz23400,Bloomington,0.4197,0.7617,41.9
cz26503,Sioux Falls,0.4187,0.8438,47.26
cz20302,Claremont,0.4185,0.7996,32.05
cz34402,Bozeman,0.4185,0.783,6.053
cz27010,Miller,0.4175,0.8615,1.072
cz34504,Missoula,0.417,0.7926,12.15
cz28101,Lincoln,0.4169,0.829,56.88
cz28202,Omaha,0.4168,0.8212,97.16
cz23801,Davenport,0.4167,0.8225,71.98
cz2400,Richmond,0.4163,0.7913,137
cz29001,Pratt,0.4151,0.7962,3.568
cz26604,Mobridge,0.412,0.8159,2.102
cz20100,Portland,0.4115,0.7899,34.17
cz23100,Madison,0.4111,0.8355,82.16
cz27503,Atlantic,0.4107,0.8293,10.44
cz18202,St. Marys,0.4101,0.825,14.28
cz16702,Morgantown,0.4098,0.7807,57.17
cz28604,Colby,0.4096,0.82,2.162
cz34404,Butte-Silver Bow,0.4087,0.8182,4.603
cz12701,Cincinnati,0.4087,0.7971,244.7
cz26302,Carrington,0.4074,0.8525,2.191
cz19800,Wilmington,0.4066,0.7917,397.4
cz28304,Valentine,0.4063,0.7991,0.5407
cz27201,Sioux Center,0.406,0.835,17.26
cz16600,Roanoke,0.4057,0.7757,63.7
cz39301,Friday Harbor,0.4051,0.7183,42.11
cz32603,Seymour,0.4048,0.7826,1.826
cz11700,Lansing,0.4039,0.7973,130.4
cz26502,Madison,0.4039,0.8591,6.383
cz27902,York,0.4024,0.8461,8.412
cz26704,Grand Forks,0.4023,0.8472,11.57
cz29104,Salina,0.4015,0.8182,15.89
cz28608,Kearney,0.4008,0.8277,12.79
cz34401,Dillon,0.4007,0.8124,0.8322
cz35803,McCall,0.3997,0.7615,1.104
cz26304,Minot,0.3992,0.8228,6.407
cz20700,Keene,0.3992,0.789,42.18
cz26605,Aberdeen,0.399,0.8514,4.308
cz21802,Decorah,0.3987,0.8527,13.45
cz21701,Rochester,0.3978,0.8483,42.75
cz11600,Detroit,0.3973,0.77,330.6
cz33801,Elk City,0.3964,0.7418,8.617
cz2500,Newport News,0.3963,0.7897,138.1
cz34204,Lewistown,0.3963,0.786,0.9779
cz29502,Kansas City,0.3962,0.7983,145.8
cz14200,Indianapolis,0.3958,0.7913,223.5
cz29102,Superior,0.3945,0.8388,4.658
cz21801,Mason City,0.3942,0.8275,19.04
cz401,Winston-Salem,0.3936,0.7737,125.7
cz28800,Fort Collins,0.3933,0.7833,39.13
cz26203,Linton,0.3929,0.8311,1.038
cz34802,Santa Fe,0.3926,0.743,10.51
cz22200,Cedar Rapids,0.3926,0.8342,56.41
cz27002,Ord,0.3922,0.8214,2.145
cz22002,Iowa Falls,0.3919,0.839,12.08
cz34203,Great Falls,0.3917,0.8089,3.946
cz15600,Wheeling,0.3917,0.8023,38.98
cz27401,Storm Lake,0.3917,0.8391,12.21
cz16901,Charleston,0.3916,0.7653,46.11
cz12901,Lexington-Fayette,0.3916,0.7738,100
cz22001,Waterloo,0.3912,0.838,34.42
cz28603,Phillipsburg,0.3907,0.8406,2.761
cz27102,Marshall,0.3906,0.8503,12.61
cz27801,Columbus-Norfolk,0.3903,0.8369,12.27
cz29203,Manhattan,0.3884,0.8134,18.43
cz16400,Youngstown,0.3877,0.7885,124.2
cz29201,Hiawatha,0.3875,0.8274,8.386
cz1203,Asheville,0.3867,0.7512,88.15
cz23500,Decatur,0.3867,0.8054,45.06
cz21002,Houghton,0.3865,0.7887,7.85
cz34308,Billings,0.3859,0.8062,9.293
cz30401,Stillwater,0.3854,0.7699,29.02
cz13101,Louisville,0.3853,0.7975,164.1
cz4001,Magnolia,0.3849,0.7688,8.737
cz17600,Charlottesville,0.3848,0.764,48.95
cz28305,Broken Bow,0.3847,0.8324,1.672
cz15900,Columbus,0.3845,0.7817,210.4
cz28002,West Point,0.3844,0.8499,7.673
cz31201,Austin,0.384,0.7683,150.6
cz28001,Sioux City,0.3838,0.8297,23.96
cz24802,Springfield,0.3835,0.8136,51.44
cz39400,Seattle,0.3831,0.7665,174.7
cz11401,Marquette,0.3831,0.8144,10.45
cz39202,Enterprise,0.3826,0.7732,0.91
cz11301,Fredericksburg,0.3818,0.7831,115.6
cz37700,Santa Rosa,0.3815,0.7477,46.65
cz23900,Peoria,0.381,0.8037,50.86
cz23700,Galesburg,0.381,0.8182,21.23
cz8100,Columbia,0.3805,0.7781,80.78
cz21202,Redwood Falls,0.3803,0.8639,8.226
cz27901,Hastings,0.38,0.8304,12.52
cz34805,Alamosa,0.3791,0.7671,2.295
cz38801,Portland,0.379,0.7595,176.1
cz23802,Clinton,0.3789,0.8383,25.35
cz29505,Polk,0.3783,0.8099,8.437
cz38000,San Diego,0.3782,0.7431,338.1
cz28302,Ogallala,0.378,0.8089,2.877
cz7900,Gainesville,0.3778,0.7568,45.59
cz38200,Santa Barbara,0.3776,0.746,54.78
cz29202,Marysville,0.3771,0.8312,4.914
cz39204,Condon,0.3763,0.8508,0.4977
cz2300,Lynchburg,0.3759,0.7941,54.76
cz15500,Steubenville,0.3759,0.797,84.72
cz900,Charlotte,0.3756,0.7677,194.6
cz3300,New Orleans,0.3754,0.7583,144.1
cz26204,Steele,0.3752,0.8745,0.8859
cz32000,Houston,0.374,0.7507,354.5
cz14700,Evansville,0.3738,0.8167,58.57
cz28301,Sterling,0.3737,0.798,2.593
cz14900,Gary,0.3733,0.7955,163.6
cz27701,Scottsbluff,0.3732,0.8253,4.459
cz29301,Wichita,0.3732,0.7917,52.75
cz3500,Baton Rouge,0.373,0.7719,88.11
cz21302,Owatonna,0.3726,0.8452,46.76
cz9301,Winder,0.3725,0.7526,101.1
cz29302,Newton,0.3724,0.8042,16.01
cz38502,Wenatchee,0.3705,0.7857,11.56
cz5600,Nashville,0.3704,0.7628,170.2
cz28102,Nebraska City,0.3703,0.8298,8.23
cz35903,Moab,0.37,0.7707,1.371
cz16703,Buckhannon,0.3699,0.7631,21.38
cz28401,Colorado Springs,0.3697,0.7701,62.26
cz33100,Dallas,0.3693,0.7531,404.3
cz19100,Reading,0.3687,0.7892,197.4
cz27302,Fairmont,0.3687,0.8408,12.27
cz22400,Sheboygan,0.3683,0.8521,87.81
cz7000,Miami,0.3679,0.7527,524.6
cz16500,Erie,0.3677,0.8022,51.56
cz27202,Worthington,0.3674,0.8391,9.451
cz13400,Lima,0.3672,0.8384,55.74
cz29004,Great Bend,0.3671,0.8226,6.122
cz18100,Elmira,0.3667,0.7959,42.54
cz27802,Columbus,0.3667,0.8384,11.49
cz34304,Sheridan,0.3665,0.8014,2.062
cz26504,Watertown,0.3662,0.8452,7.92
cz9800,Auburn,0.3659,0.7662,42.58
cz31800,College Station,0.3659,0.7578,42.55
cz29501,Leavenworth,0.3657,0.808,44.34
cz27005,Yankton,0.3656,0.8542,7.917
cz18400,Plattsburgh,0.3654,0.7979,15.77
cz17800,Oneonta,0.3645,0.7928,21.19
cz24400,Rockford,0.3643,0.8059,64.5
cz22601,Green Bay,0.3641,0.847,73.47
cz10700,Birmingham,0.362,0.745,110.4
cz1001,Boone,0.3613,0.7338,45.33
cz21301,Mankato,0.3604,0.8573,33.51
cz21900,Marshalltown,0.3602,0.8367,21.15
cz19200,Harrisburg,0.3598,0.8116,148.6
cz34303,Riverton,0.3596,0.7931,2.161
cz13501,Toledo,0.3594,0.8034,146.6
cz28609,Lexington,0.3593,0.8162,5.829
cz7300,Palm Bay,0.3589,0.7545,192.8
cz302,Knoxville,0.3588,0.7454,114.2
cz16701,Elkins,0.3586,0.7827,8.623
cz26702,Grafton,0.3585,0.8391,2.614
cz31303,Kerrville,0.3581,0.7349,14.89
cz24000,Kenosha,0.3576,0.813,160.1
cz26802,Lisbon,0.3575,0.8538,2.585
cz28402,Limon,0.3573,0.7504,0.7689
cz27101,Willmar,0.3571,0.8491,11.6
cz31005,Perryton,0.3571,0.7643,3.577
cz34902,Socorro,0.3565,0.7164,0.5345
cz26412,Williston,0.3563,0.7909,7.211
cz14100,Fort Wayne,0.3562,0.8065,85.48
cz17502,Winchester,0.3555,0.7933,57.69
cz16200,Altoona,0.3554,0.8052,51.92
cz9900,Tallahassee,0.3552,0.7646,37.06
cz1500,Wilmington,0.3546,0.7396,54.12
cz22500,Oshkosh,0.3541,0.8462,79.6
cz6000,Huntsville,0.354,0.757,86.91
cz27601,Rapid City,0.3537,0.8126,6.969
cz26703,Thief River Falls,0.3536,0.8575,5.437
cz7100,Port St. Lucie,0.3533,0.7536,144.4
cz27903,Grand Island,0.3531,0.8319,20.26
cz26301,Devils Lake,0.3528,0.809,2.636
cz3003,Jackson,0.3526,0.7542,51.94
cz19902,Easton,0.3525,0.7742,46.87
cz27402,Fort Dodge,0.3523,0.8313,13.05
cz36000,Provo,0.3514,0.7071,20.75
cz8300,Greenville,0.3511,0.7606,96.2
cz23600,Burlington,0.351,0.8281,19.32
cz18300,Watertown,0.3505,0.7861,18.96
cz32702,Stephenville,0.3502,0.7472,9.63
cz30501,Woodward,0.3498,0.7652,4.119
cz11201,Bluefield,0.3487,0.7476,25.96
cz25401,Paducah,0.3483,0.7784,30.75
cz26305,Rugby,0.3483,0.8166,1.398
cz27008,Parkston,0.3479,0.8332,3.838
cz18700,Sunbury,0.3479,0.8007,69.81
cz35901,St. George,0.3478,0.7187,9.293
cz37903,Mammoth Lakes,0.3474,0.7693,1.233
cz38300,Los Angeles,0.3472,0.7437,209.6
cz26102,Marshall,0.3472,0.7976,10.91
cz16801,Beckley,0.3472,0.7571,24
cz24900,Edwardsville,0.3467,0.7993,52.82
cz500,Greensboro,0.3465,0.763,121.2
cz26002,Duluth,0.3464,0.8294,13.3
cz6900,Sarasota,0.3463,0.755,144
cz33000,Fort Worth,0.3462,0.7561,190.7
cz8401,Aiken,0.3457,0.7643,57.33
cz17200,Harrisonburg,0.3456,0.7819,39.86
cz15100,Lorain,0.3454,0.8059,163
cz36301,Pocatello,0.3449,0.7471,10.59
cz34503,Kalispell,0.3448,0.7581,6.026
cz36200,Logan,0.3442,0.7496,9.752
cz25701,Cape Girardeau,0.3442,0.781,24.91
cz34301,Cody,0.344,0.7934,2.019
cz38601,Spokane,0.3439,0.7628,25.88
cz22800,Eau Claire,0.3439,0.8399,29.69
cz23302,Douglas,0.3428,0.8194,17.37
cz38901,Eugene,0.3425,0.7541,44.86
cz12200,Grand Rapids,0.3417,0.7931,121.3
cz24702,Mexico,0.3417,0.7974,12.89
cz27006,Mitchell,0.3414,0.8284,7.178
cz36700,Eureka,0.3414,0.705,9.266
cz7400,Orlando,0.3414,0.7636,278.8
cz27702,Cheyenne,0.3407,0.819,11.18
cz22300,Ottumwa,0.3407,0.8078,17.44
cz4200,Little Rock,0.3406,0.7604,71.59
cz28605,Goodland,0.3406,0.8018,1.943
cz8800,Savannah,0.3402,0.7702,90.38
cz34901,Albuquerque,0.3401,0.7385,28.63
cz13600,South Bend,0.3401,0.7974,97.24
cz36100,Salt Lake City,0.34,0.7585,70.66
cz34202,Shelby,0.3399,0.7941,1.646
cz20001,Bangor,0.3399,0.7709,14.8
cz26303,Turtle Mountain UT,0.3394,0.7648,2.832
cz26407,Plentywood,0.3394,0.8229,1.259
cz30502,Enid,0.3391,0.7714,6.942
cz2000,Virginia Beach,0.3391,0.7789,218.4
cz26901,Fergus Falls,0.339,0.8386,14.2
cz27009,Chamberlain,0.3389,0.8167,1.687
cz26003,West Cook UT,0.3389,0.8035,1.982
cz100,Johnson City,0.3387,0.742,64.64
cz16100,State College,0.3385,0.8034,38.61
cz14500,Lafayette,0.3383,0.7961,43.6
cz31006,Guymon,0.3381,0.7823,2.356
cz27704,Gordon,0.338,0.7586,1.213
cz37400,Sacramento,0.338,0.7506,126.3
cz2900,Hattiesburg,0.3378,0.7412,29.2
cz25000,Quincy,0.3375,0.8131,18.37
cz13300,Findlay,0.3374,0.823,49.62
cz38802,The Dalles,0.3371,0.7597,6.27
cz29003,Dodge City,0.3371,0.7756,6.179
cz39302,Bellingham,0.3369,0.7413,44.88
cz20301,Berlin,0.3368,0.7998,11.95
cz15000,Canton,0.3367,0.7862,93.42
cz29402,Emporia,0.3362,0.8223,9.379
cz24801,Jacksonville,0.3361,0.82,14.38
cz22700,Wausau,0.336,0.844,27.4
cz29007,Township 11,0.336,0.8187,2.212
cz17300,Staunton,0.3357,0.7931,26.11
cz27502,Creston,0.3346,0.8094,9.056
cz11402,Marinette,0.334,0.8281,10.03
cz12100,Kalamazoo,0.3335,0.79,95.93
cz12501,Dayton,0.3331,0.791,130.1
cz26602,Sisseton,0.3327,0.8213,3.288
cz32601,Wichita Falls,0.3324,0.7733,23.99
cz30802,Lubbock,0.3323,0.7759,30.44
cz25500,Centralia,0.3321,0.816,24.15
cz7200,Cape Coral,0.332,0.7624,151.6
cz15300,Parkersburg,0.332,0.7778,36.11
cz6401,Chattanooga,0.3318,0.755,98.82
cz700,Spartanburg,0.3318,0.767,84.41
cz5401,Bowling Green,0.3315,0.7573,44.84
cz12302,Petoskey,0.3313,0.776,23.05
cz28607,McCook,0.331,0.8162,3.471
cz21004,Rhinelander,0.3304,0.8199,9.984
cz36800,Medford,0.3298,0.7277,26.05
cz31001,Garden City,0.3297,0.7844,6.708
cz18900,Williamsport,0.3295,0.8053,28.79
cz35801,Boise City,0.3291,0.7615,20.3
cz26107,Kirksville,0.3291,0.7762,8.767
cz31004,Liberal,0.3289,0.7749,4.612
cz27007,Huron,0.3289,0.8587,5.751
cz18500,Amsterdam,0.3288,0.8102,17.45
cz11900,Saginaw,0.3287,0.7905,51.3
cz31002,Ulysses,0.3283,0.8061,4.07
cz35001,Phoenix,0.3282,0.7495,100.2
cz31900,Pearland,0.3281,0.7699,53.54
cz36502,Burns,0.3271,0.776,0.29
cz30402,Tulsa,0.327,0.7547,59.34
cz39100,Kennewick,0.3269,0.7668,17.65
cz19901,Dover,0.3268,0.7864,86.19
cz38501,Moses Lake,0.3261,0.7538,10.4
cz35401,Flagstaff,0.3261,0.7493,4.975
cz33803,Oklahoma City,0.3254,0.7517,95.45
cz32501,Abilene,0.3253,0.7694,15.78
cz1204,Andrews,0.3253,0.7129,22.64
cz39203,Bend,0.3252,0.7579,11.17
cz6700,Tampa,0.3249,0.7486,526.3
cz28306,North Platte,0.3249,0.8234,4.848
cz8202,Charleston,0.3247,0.7745,92.74
cz29005,Hutchinson,0.3247,0.8069,14.26
cz1900,Jacksonville,0.3238,0.7592,61.08
cz34201,Havre,0.3237,0.7756,1.25
cz11101,Montgomery,0.3236,0.752,48.46
cz12800,Washington,0.323,0.8149,36.19
cz12301,Traverse City,0.3227,0.785,35.16
cz30905,Wellington,0.3226,0.7522,2.268
cz28201,Red Oak,0.3223,0.829,8.309
cz29403,Bartlesville,0.3222,0.7862,18.88
cz13900,Center,0.3222,0.7946,43.49
cz27703,Torrington,0.3222,0.8265,2.696
cz34601,Gillette,0.322,0.8218,3.177
cz22900,La Crosse,0.3219,0.8405,34.94
cz21702,Austin,0.3219,0.8432,24.81
cz38401,Lewiston,0.3216,0.7844,2.905
cz34305,Miles City,0.3212,0.8234,1.251
cz10900,Pensacola,0.3211,0.7522,85.13
cz34603,Casper,0.3208,0.8121,5.103
cz8900,Macon,0.3207,0.7574,58.06
cz28703,Granby,0.3205,0.8406,4.472
cz17100,Huntington,0.3204,0.742,49.26
cz2200,South Boston,0.3199,0.7785,15.96
cz12903,Danville,0.3198,0.7454,37.3
cz14300,Columbus,0.3198,0.7921,53.77
cz26409,Glendive,0.3196,0.8156,1.442
cz23301,Charleston,0.3196,0.7932,21.74
cz24500,Rolla,0.3195,0.7762,13.41
cz5202,Memphis,0.3195,0.7575,137.7
cz21003,Ironwood,0.3179,0.8261,3.319
cz1600,Wilson,0.3178,0.7752,67.3
cz21400,St. Cloud,0.3176,0.8475,58.23
cz33602,Altus,0.317,0.7554,5.802
cz24200,Bourbonnais,0.3162,0.8012,35.73
cz36404,Rock Springs,0.3159,0.8013,1.99
cz11001,Mobile,0.3157,0.7456,44.15
cz35902,Price,0.3147,0.7383,3.087
cz3800,Lafayette,0.3139,0.7546,51.76
cz18201,Olean,0.3139,0.7991,18.64
cz8602,Brunswick,0.3139,0.7618,36.15
cz30601,El Paso,0.3135,0.751,43.41
cz13502,Defiance,0.3123,0.8219,34.52
cz4003,Ruston,0.3119,0.7592,15.29
cz35201,Grand Junction,0.3116,0.7679,12.13
cz26106,Centerville,0.311,0.8165,8.463
cz25300,Union City,0.3108,0.7757,21.69
cz20003,Presque Isle,0.3107,0.7935,4.64
cz7600,Jacksonville,0.3107,0.7577,149.1
cz1201,Franklin,0.3107,0.7405,22.54
cz26202,East Grant UT,0.3106,0.8418,0.7462
cz6200,Florence,0.3102,0.7471,29.83
cz39303,Port Angeles,0.3095,0.7486,9.899
cz17501,Cumberland,0.3095,0.7901,27.11
cz19903,Chincoteague,0.3094,0.7947,31.07
cz4702,Clarksdale,0.3081,0.7457,15.98
cz17400,Hagerstown,0.3078,0.783,95.79
cz35100,Tucson,0.3072,0.755,29.52
cz1202,Sylva,0.307,0.7194,19.5
cz16000,Mansfield,0.3069,0.7953,62.46
cz39000,Yakima,0.3068,0.7658,19.08
cz35702,Burley,0.3064,0.7577,6.118
cz4402,Richmond,0.3064,0.7324,43.22
cz1800,Goldsboro,0.3063,0.7621,44.13
cz7500,Deltona,0.3063,0.751,121.8
cz32604,Vernon,0.306,0.7679,3.203
cz11500,Jackson,0.3059,0.782,62.79
cz25601,Carbondale,0.3054,0.7856,29.17
cz36501,Klamath Falls,0.3046,0.7524,2.638
cz23000,Monroe,0.3042,0.8369,21.12
cz35402,Cortez,0.3041,0.7505,1.638
cz13800,Wayne,0.3039,0.796,46.07
cz4301,Stuttgart,0.3037,0.7663,6.803
cz2100,Washington,0.3034,0.7628,17.78
cz31301,San Antonio,0.3025,0.7695,107.2
cz31401,Midland,0.3012,0.7591,27.75
cz10102,Thomasville,0.3012,0.7444,25.89
cz26104,Trenton,0.3008,0.8191,7.136
cz33400,Longview,0.3004,0.7518,37.35
cz3203,Vicksburg,0.3004,0.764,12.59
cz14600,Bloomington,0.3002,0.7655,43.69
cz29700,Springfield,0.2996,0.7583,42.09
cz10302,Dothan,0.2995,0.7519,33.01
cz16802,Summersville,0.2992,0.7293,9.701
cz31007,Dumas,0.299,0.7764,4.542
cz4601,Campbellsville,0.2988,0.7481,20.79
cz34302,Worland,0.2983,0.8142,1.551
cz12002,Ludington,0.2981,0.7827,21.7
cz4901,Jackson,0.2981,0.7772,36.13
cz28503,Trinidad,0.2975,0.7684,1.285
cz36600,Redding,0.2972,0.7297,13.17
cz10801,Tuscaloosa,0.2972,0.7504,28.11
cz14400,Terre Haute,0.2969,0.7969,37.63
cz1302,Florence,0.2968,0.7564,51.35
cz13200,Owensboro,0.2966,0.7849,32.75
cz15800,Athens,0.2965,0.7355,29.6
cz4102,Pine Bluff,0.2963,0.7592,11.13
cz29503,St. Joseph,0.2961,0.7978,26.05
cz14000,Muncie,0.2961,0.7824,73.87
cz3202,Natchez,0.2961,0.7611,9.526
cz21201,Hutchinson,0.2958,0.8511,22.98
cz26601,Milbank,0.2957,0.8618,4.806
cz10502,Starkville,0.2954,0.7554,17.81
cz34001,Hot Springs,0.2945,0.7402,15.62
cz37604,Reno,0.2945,0.7655,18.69
cz29901,Joplin,0.2944,0.7786,36.42
cz30904,Pampa,0.2943,0.7635,5.329
cz26103,Brookfield,0.2943,0.8003,6.113
cz21001,Ashland,0.2941,0.8171,5.482
cz4103,El Dorado,0.2933,0.763,9.543
cz5700,Tullahoma,0.2933,0.7581,39.08
cz13102,Madison,0.293,0.8028,35.01
cz39201,La Grande,0.2929,0.7646,3.308
cz2700,Gulfport,0.2925,0.7439,45.47
cz29303,Winfield,0.2917,0.8058,6.225
cz27004,Winner,0.2915,0.8104,1.9
cz37300,Chico,0.2912,0.7252,32.73
cz30903,Amarillo,0.2912,0.763,22.85
cz28502,Pueblo,0.2909,0.7705,10.78
cz30901,Clovis,0.2903,0.7612,6.989
cz602,Galax,0.2903,0.7533,21.8
cz26101,Moberly,0.2903,0.801,9.585
cz10400,Meridian,0.2901,0.7562,18
cz32301,San Angelo,0.2895,0.766,9.81
cz14801,Olney,0.2895,0.7991,12.92
cz4101,Crossett,0.2893,0.7534,8.595
cz32602,Graham,0.2891,0.7361,4.633
cz1100,Hickory,0.289,0.7648,112.3
cz21600,Brainerd,0.2886,0.8163,9.139
cz26701,Bemidji,0.2883,0.8161,8.516
cz13103,Bardstown,0.2882,0.7945,32.43
cz9500,Talladega,0.2881,0.7557,21.64
cz32100,Beaumont,0.2879,0.7578,33.14
cz9400,Gainesville,0.2875,0.7365,92.27
cz10501,Columbus,0.2872,0.7513,16.68
cz1002,Morganton,0.287,0.7458,46.14
cz36403,Soda Springs,0.2868,0.774,2.345
cz1400,Fayetteville,0.2867,0.7446,63.76
cz14802,Vincennes,0.2864,0.8094,25.96
cz27003,Ainsworth,0.2863,0.8305,0.9428
cz29902,Center,0.2862,0.7673,9.643
cz4401,London,0.286,0.7112,28.2
cz2600,Roanoke Rapids,0.2859,0.7752,18.71
cz35300,Farmington,0.2856,0.7549,9.433
cz39205,John Day,0.2849,0.7913,0.617
cz31101,Victoria,0.2849,0.782,16.57
cz34501,Bonners Ferry,0.2848,0.7181,3.557
cz31202,Burnet,0.2841,0.7251,14.13
cz36401,Steamboat Springs,0.2834,0.8028,2.273
cz29401,Ottawa,0.2826,0.7996,11.68
cz35701,Twin Falls,0.2815,0.7739,8.367
cz25602,Harrisburg,0.2813,0.7566,15.75
cz3002,Yazoo City,0.2811,0.7368,8.15
cz30602,Alamogordo,0.281,0.7556,2.785
cz9600,LaGrange,0.281,0.7494,53.48
cz32403,Snyder,0.281,0.7725,4.207
cz3901,Monroe,0.2808,0.7533,25.64
cz29506,Bethany,0.2808,0.8157,5.64
cz36901,Crescent City,0.2797,0.7099,6.389
cz32900,Killeen,0.2795,0.7662,56.06
cz26406,Wolf Point,0.2794,0.7635,1.144
cz9701,Columbus,0.2792,0.7533,51.17
cz34502,Libby,0.2792,0.7637,1.956
cz15400,Zanesville,0.279,0.7779,32.61
cz6302,Cookeville,0.279,0.7331,34.22
cz30701,Roswell,0.2789,0.7554,5.015
cz38602,Colville,0.2788,0.7457,3.736
cz36902,Roseburg,0.2785,0.7414,9.515
cz800,Gastonia,0.2781,0.7528,115
cz4002,Shreveport,0.278,0.7648,32.89
cz12902,Mount Sterling,0.2776,0.7349,25.93
cz17000,Pikeville,0.2776,0.6727,20.73
cz26001,Roseau,0.2773,0.8353,3.528
cz31700,Corpus Christi,0.2772,0.7762,28.32
cz1702,Henderson,0.2768,0.7573,33.06
cz5900,Clarksville,0.2768,0.7545,41.74
cz31404,Alpine,0.2765,0.7105,0.6756
cz33601,Lawton,0.2761,0.7686,21.58
cz11403,Sault Ste. Marie,0.2761,0.7971,6.311
cz32502,Childress,0.2757,0.7799,2.125
cz6100,Gadsden,0.2755,0.7347,42.97
cz38700,Longview,0.2751,0.7531,17.48
cz36302,Salmon,0.2747,0.7984,0.5413
cz21102,Amery,0.2746,0.8213,16.96
cz32801,Waco,0.2746,0.7614,35.8
cz12502,Washington Court House,0.2746,0.7557,32.35
cz30300,Fayetteville,0.2745,0.7515,61.09
cz30902,Littlefield,0.2741,0.778,4.444
cz26004,International Falls,0.274,0.8206,1.987
cz8201,Barnwell,0.2739,0.7541,11.89
cz33902,Sherman,0.2736,0.7528,32.16
cz32201,Huntsville,0.2733,0.7578,19.13
cz10000,Panama City,0.2733,0.7506,48.78
cz33300,Tyler,0.2726,0.7464,38.1
cz3400,Houma,0.2724,0.7501,39.86
cz34804,Clayton,0.2723,0.749,0.4653
cz3600,Alexandria,0.2722,0.7673,27.08
cz33500,Texarkana,0.272,0.7533,24.13
cz21101,Rice Lake,0.2719,0.8269,11.16
cz32503,Haskell,0.2717,0.7869,1.302
cz32302,Brady,0.2715,0.7691,3.277
cz3700,Lake Charles,0.2712,0.7601,21.91
cz402,Martinsville,0.2711,0.7762,38.21
cz30000,Russellville,0.2705,0.7488,16.44
cz10802,Demopolis,0.2703,0.7492,5.465
cz5000,Tupelo,0.27,0.7814,25.38
cz4302,Searcy,0.2697,0.7388,18.12
cz15700,Scioto,0.2693,0.7353,32.63
cz12401,Alpena,0.269,0.786,11.83
cz37601,Elko,0.269,0.7705,1.008
cz13700,Concord,0.2685,0.7785,76.4
cz11800,Mount Pleasant,0.2684,0.7811,34.95
cz8503,Valdosta,0.2683,0.7557,32.91
cz29504,Sedalia,0.2683,0.7758,13.87
cz33901,Ada,0.2674,0.7467,9.523
cz6502,Cleveland,0.2673,0.75,47.14
cz5402,Glasgow,0.2667,0.7539,19.11
cz16902,Spencer,0.2667,0.7285,9.689
cz11202,Welch,0.2665,0.6743,12.52
cz26401,Ekalaka,0.2663,0.7198,0.2329
cz37603,Portola,0.2661,0.7539,2.39
cz34307,Colstrip,0.266,0.7364,0.5769
cz35904,Richfield,0.2656,0.7739,1.496
cz12702,Maysville,0.2656,0.753,16.53
cz31503,Laredo,0.2654,0.7279,20.45
cz37200,Fresno,0.2649,0.7233,45.9
cz9001,Vidalia,0.2647,0.7472,15.4
cz4701,Greenwood,0.2636,0.7395,12.05
cz3102,Brookhaven,0.2633,0.7249,16.85
cz11203,Big Stone Gap,0.2622,0.7143,24.21
cz8000,Sumter,0.2621,0.7726,34.69
cz24600,Farmington,0.2613,0.7806,18.61
cz37000,Modesto,0.2604,0.7292,47.12
cz10600,Jasper,0.2603,0.7165,16.47
cz5500,Columbia,0.2599,0.7671,31.27
cz8702,Statesboro,0.2595,0.7417,19.86
cz33700,Ardmore,0.2593,0.7501,15.05
cz20002,Calais,0.2589,0.7099,5.183
cz37902,Reno,0.2589,0.7168,0.4226
cz25101,Mountain Home,0.2589,0.7642,12.7
cz5800,Dickson,0.2584,0.753,23.5
cz4800,Greenville,0.2583,0.7351,12.2
cz26902,Little Falls,0.2579,0.8306,13.19
cz25200,Henderson,0.2579,0.7782,24.94
cz6800,Lakeland,0.2577,0.7506,86.5
cz8701,Hinesville,0.2575,0.7606,24.79
cz13000,Elizabethtown,0.2571,0.7914,34.84
cz5201,New Albany,0.2568,0.7661,17.84
cz8601,Waycross,0.2567,0.7578,14.73
cz32402,Sweetwater,0.2564,0.7691,4.614
cz32701,Brownwood,0.2563,0.7594,5.362
cz4602,Somerset,0.2561,0.6981,20.67
cz200,Morristown,0.256,0.7346,64.44
cz32401,Big Spring,0.2559,0.772,4.298
cz31600,Brownsville,0.2552,0.7634,111.4
cz37100,Bakersfield,0.2552,0.7315,42.7
cz9002,Milledgeville,0.2547,0.752,19.41
cz2800,Laurel,0.2546,0.7451,15.87
cz34801,Las Vegas,0.2544,0.7545,1.72
cz25900,Jonesboro,0.2543,0.7481,23.39
cz601,North Wilkesboro,0.253,0.7442,33
cz5100,Corinth,0.2528,0.739,20.7
cz30801,Hobbs,0.2526,0.7395,6.04
cz12600,Wayne,0.2525,0.7668,50.44
cz33802,Chickasha,0.2522,0.7568,14.71
cz11002,Atmore,0.2522,0.759,8.543
cz33200,Paris,0.2522,0.7449,20.86
cz12402,Grayling charter,0.2521,0.7724,10.57
cz4502,Hazard,0.2519,0.6808,16.38
cz7800,Ocala,0.2506,0.7465,75.91
cz30603,Truth or Consequences,0.2499,0.7064,0.8615
cz10301,Eufaula,0.2499,0.7519,7.442
cz3201,Jena,0.2495,0.722,7.651
cz6600,Rome,0.2494,0.7405,63.12
cz4004,Many,0.2473,0.7518,9.887
cz22602,Shawano,0.2469,0.8243,14.2
cz11303,Colonial Beach,0.2466,0.7827,27.67
cz12001,Big Rapids,0.2464,0.7707,17.13
cz6402,Crossville,0.2457,0.7249,23.01
cz30906,Memphis,0.2457,0.7421,1.357
cz32305,Del Rio,0.2457,0.7681,2.882
cz10200,Albany,0.2454,0.7551,28.58
cz31302,Beeville,0.245,0.7837,9.768
cz35802,Ontario,0.2449,0.755,2.196
cz25105,Batesville,0.2448,0.7509,12.51
cz301,Middlesborough,0.2443,0.683,21.71
cz30100,Fort Smith,0.2432,0.7362,20.5
cz38100,Yuma,0.2405,0.6748,13.34
cz30604,Deming,0.2401,0.7085,2.232
cz9702,Americus,0.2397,0.7701,11.68
cz30200,Muskogee,0.2393,0.7347,21.57
cz25104,Heber Springs,0.2377,0.7355,10.4
cz37901,Las Vegas,0.2376,0.7364,18.52
cz25102,West Plains,0.2372,0.7441,7.855
cz27603,Southwest Jackson UT,0.2369,0.7627,0.6183
cz38902,Newport,0.2367,0.7449,13.83
cz37602,Winnemucca,0.2359,0.7789,0.7162
cz25702,Poplar Bluff,0.2355,0.7311,11.49
cz34803,Tucumcari,0.2353,0.7478,0.6668
cz32202,Nacogdoches,0.2352,0.7386,15.84
cz32802,Corsicana,0.2348,0.7557,11.51
cz4903,Lexington,0.2346,0.7494,14.74
cz30908,Plainview,0.2338,0.7865,6.375
cz9200,Griffin,0.2337,0.7491,53.56
cz25800,Blytheville,0.2335,0.7393,18.06
cz6301,McMinnville,0.2333,0.7376,25.68
cz9003,Dublin,0.2328,0.7562,15.59
cz4501,West Liberty,0.2311,0.6805,8.888
cz9302,Toccoa,0.231,0.7424,35.03
cz3101,McComb,0.2309,0.7318,12.19
cz29602,Eldon,0.2305,0.7697,18.78
cz25103,Harrison,0.2297,0.7432,12.04
cz29800,Aurora,0.2294,0.7594,26.31
cz11102,Troy,0.2294,0.7633,14.87
cz32304,Uvalde,0.2269,0.7515,2.561
cz5300,West Memphis,0.2269,0.7454,14.33
cz33603,Frederick,0.2267,0.747,3.658
cz6501,Ellijay,0.2256,0.7055,24.25
cz34602,Rawlins,0.2219,0.811,1.015
cz26105,Polk,0.2201,0.8013,4.158
cz8402,Washington,0.2195,0.7644,10.04
cz31403,Fort Stockton,0.2192,0.7794,1.074
cz4902,Dyersburg,0.2177,0.7547,19.85
cz31103,Gonzales,0.2152,0.7376,8.466
cz1301,Bennettsville,0.2148,0.7544,22
cz3001,Kosciusko,0.2112,0.7532,7.923
cz34002,Idabel,0.2111,0.7271,6.625
cz10101,Bainbridge,0.2111,0.7615,14.13
cz8502,Cordele,0.2103,0.737,14.48
cz7700,Lake City,0.2047,0.7479,15.45
cz36402,Vernal,0.2024,0.7189,3.094
cz32306,Eagle Pass,0.2019,0.7461,16.19
cz3902,Lake Providence,0.2001,0.7571,7.17
cz30403,Okmulgee,0.1991,0.7461,14.54
cz21502,Pine City,0.199,0.8246,11.32
cz31501,Crystal City,0.1986,0.7978,3.759
cz35500,Gallup,0.1976,0.7241,2.855
cz8501,Fitzgerald,0.1959,0.7586,13.35
cz27605,Mission,0.1944,0.6833,1.347
cz32303,Junction,0.187,0.7093,1.358
cz35905,Loa,0.1822,0.7972,0.499
cz35002,Safford,0.1697,0.735,2.704
cz30605,Van Horn,0.1572,0.824,0.2539
cz30702,Santa Rosa,0.1532,0.7931,0.4226
cz26603,East Corson UT,0.1456,0.7043,0.7447
cz31402,Pecos,0.145,0.753,2.768
cz27602,Eagle Butte,0.1122,0.6662,0.7043
cz31502,Pearsall,0.0906,0.7648,4.913
cz31304,Mason,,0.7593,1.994
cz29002,Coldwater,,0.8555,1.265
cz30907,Matador,,0.7646,0.477
cz34306,Jordan,,0.5714,0.1576
cz26405,Scobey,,0.8907,0.6325
cz27604,Murdo,,0.624,0.6146